{
  "accuracy": 58.333333333333336,
  "top3_accuracy": 86.11111111111111,
  "macro_f1": 36.951067356624336,
  "weighted_f1": 58.32109954994286
}